ID,Type,Title,Description,Story Points,Epic ID,Epic Title,Epic Description,Epic Time Estimation
EPIC-1,Epic,Comprehensive User Authentication System,Implement a secure, flexible authentication system with registration, login, password management, verification, and identity controls that supports anonymous interactions.,,,,4-6 weeks
TICKET-1.1,Ticket,User Authentication System,Implement secure authentication for responders with appropriate roles and permissions,13,EPIC-1,Comprehensive User Authentication System,Implement a secure, flexible authentication system with registration, login, password management, verification, and identity controls that supports anonymous interactions.,4-6 weeks
TICKET-1.2,Ticket,User Management Console,Build administrative interfaces for managing users, roles, and permissions,8,EPIC-1,Comprehensive User Authentication System,Implement a secure, flexible authentication system with registration, login, password management, verification, and identity controls that supports anonymous interactions.,4-6 weeks
TICKET-1.3,Ticket,Secure File Sharing Framework,Add ability to securely share and manage files within conversations,8,EPIC-1,Comprehensive User Authentication System,Implement a secure, flexible authentication system with registration, login, password management, verification, and identity controls that supports anonymous interactions.,4-6 weeks
TICKET-1.4,Ticket,User Feedback Mechanism,Implement a system for users to provide feedback on answers and knowledge articles,5,EPIC-1,Comprehensive User Authentication System,Implement a secure, flexible authentication system with registration, login, password management, verification, and identity controls that supports anonymous interactions.,4-6 weeks
EPIC-2,Epic,Knowledge Base & Content Publishing Platform,Build a robust system for creating, editing, organizing, and publishing knowledge base content with approval workflows, taxonomy management, and specialized terminology support.,,,,6-8 weeks
TICKET-2.1,Ticket,Knowledge Base Contribution Workflow,Build system to convert closed questions into knowledge base articles with responder editing,13,EPIC-2,Knowledge Base & Content Publishing Platform,Build a robust system for creating, editing, organizing, and publishing knowledge base content with approval workflows, taxonomy management, and specialized terminology support.,6-8 weeks
TICKET-2.2,Ticket,Content Approval Pipeline,Build interface and backend for knowledge article submission, review, and approval,8,EPIC-2,Knowledge Base & Content Publishing Platform,Build a robust system for creating, editing, organizing, and publishing knowledge base content with approval workflows, taxonomy management, and specialized terminology support.,6-8 weeks
TICKET-2.3,Ticket,Content Style Guide & Enforcement,Develop style guide and tools for consistent tone and terminology in knowledge articles,5,EPIC-2,Knowledge Base & Content Publishing Platform,Build a robust system for creating, editing, organizing, and publishing knowledge base content with approval workflows, taxonomy management, and specialized terminology support.,6-8 weeks
TICKET-2.4,Ticket,Knowledge Base Search & Organization,Implement advanced search, tagging, and categorization for knowledge base content,8,EPIC-2,Knowledge Base & Content Publishing Platform,Build a robust system for creating, editing, organizing, and publishing knowledge base content with approval workflows, taxonomy management, and specialized terminology support.,6-8 weeks
EPIC-3,Epic,Anonymous Question Submission & Response System,Develop an end-to-end system for submitting, tracking, and responding to questions, including anonymous submissions, responder assignment, and conversation management.,,,,5-7 weeks
TICKET-3.1,Ticket,Anonymous Question Submission,Implement UI and backend for users to submit questions without providing personal information,8,EPIC-3,Anonymous Question Submission & Response System,Develop an end-to-end system for submitting, tracking, and responding to questions, including anonymous submissions, responder assignment, and conversation management.,5-7 weeks
TICKET-3.2,Ticket,Responder Pseudonym System,Create system to generate and assign random pseudonyms to responders for anonymity,8,EPIC-3,Anonymous Question Submission & Response System,Develop an end-to-end system for submitting, tracking, and responding to questions, including anonymous submissions, responder assignment, and conversation management.,5-7 weeks
TICKET-3.3,Ticket,Question Notification Engine,Build system to notify users by email when their question receives a response,5,EPIC-3,Anonymous Question Submission & Response System,Develop an end-to-end system for submitting, tracking, and responding to questions, including anonymous submissions, responder assignment, and conversation management.,5-7 weeks
TICKET-3.4,Ticket,Question Routing & Assignment,Develop logic to route questions to appropriate responders based on expertise and availability,13,EPIC-3,Anonymous Question Submission & Response System,Develop an end-to-end system for submitting, tracking, and responding to questions, including anonymous submissions, responder assignment, and conversation management.,5-7 weeks
EPIC-4,Epic,Community Engagement & Moderation Suite,Create tools for community participation including voting, flagging inappropriate content, moderation workflows, and safety mechanisms.,,,,3-5 weeks
TICKET-4.1,Ticket,Content Moderation Toolset,Build comprehensive tools for responders to flag, review, and moderate problematic content,13,EPIC-4,Community Engagement & Moderation Suite,Create tools for community participation including voting, flagging inappropriate content, moderation workflows, and safety mechanisms.,3-5 weeks
TICKET-4.2,Ticket,Community Approval Voting System,Create backend and frontend for responders to vote on article quality and accuracy,8,EPIC-4,Community Engagement & Moderation Suite,Create tools for community participation including voting, flagging inappropriate content, moderation workflows, and safety mechanisms.,3-5 weeks
TICKET-4.3,Ticket,Moderation Queue Management,Implement prioritized queue system for reviewing flagged content efficiently,8,EPIC-4,Community Engagement & Moderation Suite,Create tools for community participation including voting, flagging inappropriate content, moderation workflows, and safety mechanisms.,3-5 weeks
TICKET-4.4,Ticket,Community Contribution Tracking,Build system to track and recognize valuable community contributions,5,EPIC-4,Community Engagement & Moderation Suite,Create tools for community participation including voting, flagging inappropriate content, moderation workflows, and safety mechanisms.,3-5 weeks
EPIC-5,Epic,Cross-Platform UI/UX Enhancement,Improve the overall user interface with responsive designs that work across devices, enhanced navigation, accessibility improvements, and consistent styling.,,,,6-8 weeks
TICKET-5.1,Ticket,Responsive Framework Implementation,Develop core responsive components and layouts that work across all devices,13,EPIC-5,Cross-Platform UI/UX Enhancement,Improve the overall user interface with responsive designs that work across devices, enhanced navigation, accessibility improvements, and consistent styling.,6-8 weeks
TICKET-5.2,Ticket,Question Conversation Thread UI,Design and build threaded conversation view for questions and responses,8,EPIC-5,Cross-Platform UI/UX Enhancement,Improve the overall user interface with responsive designs that work across devices, enhanced navigation, accessibility improvements, and consistent styling.,6-8 weeks
TICKET-5.3,Ticket,Home Page Redesign,Create welcoming, informative home page explaining the site's purpose and features,5,EPIC-5,Cross-Platform UI/UX Enhancement,Improve the overall user interface with responsive designs that work across devices, enhanced navigation, accessibility improvements, and consistent styling.,6-8 weeks
TICKET-5.4,Ticket,Accessibility Compliance,Implement WCAG compliance across all user interfaces,13,EPIC-5,Cross-Platform UI/UX Enhancement,Improve the overall user interface with responsive designs that work across devices, enhanced navigation, accessibility improvements, and consistent styling.,6-8 weeks
EPIC-6,Epic,System-Wide Performance Improvements,Implement performance enhancements including database optimization, caching strategies, query improvements, and front-end performance tuning.,,,,4-5 weeks
TICKET-6.1,Ticket,Multi-Level Caching Strategy,Develop and implement appropriate caching at database, application, and browser levels,13,EPIC-6,System-Wide Performance Improvements,Implement performance enhancements including database optimization, caching strategies, query improvements, and front-end performance tuning.,4-5 weeks
TICKET-6.2,Ticket,Database Performance Tuning,Review and optimize database queries, indexes, and schema for performance,8,EPIC-6,System-Wide Performance Improvements,Implement performance enhancements including database optimization, caching strategies, query improvements, and front-end performance tuning.,4-5 weeks
TICKET-6.3,Ticket,Frontend Performance Optimization,Implement code splitting, lazy loading, and asset optimization,8,EPIC-6,System-Wide Performance Improvements,Implement performance enhancements including database optimization, caching strategies, query improvements, and front-end performance tuning.,4-5 weeks
TICKET-6.4,Ticket,Application Performance Monitoring,Add comprehensive monitoring for application performance with alerts and dashboards,5,EPIC-6,System-Wide Performance Improvements,Implement performance enhancements including database optimization, caching strategies, query improvements, and front-end performance tuning.,4-5 weeks
EPIC-7,Epic,Comprehensive Analytics System,Build analytics capabilities to track usage, generate reports, visualize metrics, and provide insights for both administrators and users.,,,,3-4 weeks
TICKET-7.1,Ticket,Analytics Tracking Implementation,Implement event tracking for key user actions and system events,8,EPIC-7,Comprehensive Analytics System,Build analytics capabilities to track usage, generate reports, visualize metrics, and provide insights for both administrators and users.,3-4 weeks
TICKET-7.2,Ticket,Admin Reporting Dashboard,Build comprehensive dashboard showing key metrics for administrators,13,EPIC-7,Comprehensive Analytics System,Build analytics capabilities to track usage, generate reports, visualize metrics, and provide insights for both administrators and users.,3-4 weeks
TICKET-7.3,Ticket,Feedback Collection & Analysis,Create system to aggregate, analyze, and report on user feedback,8,EPIC-7,Comprehensive Analytics System,Build analytics capabilities to track usage, generate reports, visualize metrics, and provide insights for both administrators and users.,3-4 weeks
TICKET-7.4,Ticket,Content Performance Metrics,Implement tracking and reporting for content usage, helpfulness, and engagement,5,EPIC-7,Comprehensive Analytics System,Build analytics capabilities to track usage, generate reports, visualize metrics, and provide insights for both administrators and users.,3-4 weeks
EPIC-8,Epic,External API & Integration Platform,Develop a comprehensive API for third-party integrations, including authentication, rate limiting, documentation, and sample implementations.,,,,4-6 weeks
TICKET-8.1,Ticket,Core API Framework,Build foundational API architecture with authentication, rate limiting, and documentation,13,EPIC-8,External API & Integration Platform,Develop a comprehensive API for third-party integrations, including authentication, rate limiting, documentation, and sample implementations.,4-6 weeks
TICKET-8.2,Ticket,AI Integration Service,Build service to connect with chosen AI provider for enhanced capabilities,13,EPIC-8,External API & Integration Platform,Develop a comprehensive API for third-party integrations, including authentication, rate limiting, documentation, and sample implementations.,4-6 weeks
TICKET-8.3,Ticket,Pronoun API for Third-Party Integration,Create API to allow other services to access pronoun information,5,EPIC-8,External API & Integration Platform,Develop a comprehensive API for third-party integrations, including authentication, rate limiting, documentation, and sample implementations.,4-6 weeks
TICKET-8.4,Ticket,Social Account Integration,Build functionality to link and leverage social media accounts,8,EPIC-8,External API & Integration Platform,Develop a comprehensive API for third-party integrations, including authentication, rate limiting, documentation, and sample implementations.,4-6 weeks
EPIC-9,Epic,Advanced Security & Privacy Controls,Implement security measures including data encryption, GDPR compliance, data retention policies, export/deletion capabilities, and security auditing.,,,,5-7 weeks
TICKET-9.1,Ticket,Data Privacy Controls,Implement comprehensive controls for personal data protection and GDPR compliance,13,EPIC-9,Advanced Security & Privacy Controls,Implement security measures including data encryption, GDPR compliance, data retention policies, export/deletion capabilities, and security auditing.,5-7 weeks
TICKET-9.2,Ticket,User Data Management Tools,Create functionality for users to export, manage, and delete their data,8,EPIC-9,Advanced Security & Privacy Controls,Implement security measures including data encryption, GDPR compliance, data retention policies, export/deletion capabilities, and security auditing.,5-7 weeks
TICKET-9.3,Ticket,Security Audit & Hardening,Conduct security audit and implement recommended hardening measures,8,EPIC-9,Advanced Security & Privacy Controls,Implement security measures including data encryption, GDPR compliance, data retention policies, export/deletion capabilities, and security auditing.,5-7 weeks
TICKET-9.4,Ticket,Privacy Documentation & Guides,Develop clear explanations of privacy features and best practices for users,5,EPIC-9,Advanced Security & Privacy Controls,Implement security measures including data encryption, GDPR compliance, data retention policies, export/deletion capabilities, and security auditing.,5-7 weeks
EPIC-10,Epic,Scalable Infrastructure & Deployment Pipeline,Establish robust infrastructure with automated deployments, monitoring, alerts, backups, disaster recovery, and continuous integration.,,,,4-6 weeks
TICKET-10.1,Ticket,Production Deployment Pipeline,Configure robust production deployment process with proper security and scaling,13,EPIC-10,Scalable Infrastructure & Deployment Pipeline,Establish robust infrastructure with automated deployments, monitoring, alerts, backups, disaster recovery, and continuous integration.,4-6 weeks
TICKET-10.2,Ticket,Backup & Disaster Recovery System,Design and implement comprehensive backup strategy and disaster recovery procedures,8,EPIC-10,Scalable Infrastructure & Deployment Pipeline,Establish robust infrastructure with automated deployments, monitoring, alerts, backups, disaster recovery, and continuous integration.,4-6 weeks
TICKET-10.3,Ticket,Monitoring & Alerting Infrastructure,Implement monitoring and alerting for system health, performance, and security,8,EPIC-10,Scalable Infrastructure & Deployment Pipeline,Establish robust infrastructure with automated deployments, monitoring, alerts, backups, disaster recovery, and continuous integration.,4-6 weeks
TICKET-10.4,Ticket,Environment Configuration Management,Create standardized configuration management for development, staging, and production,5,EPIC-10,Scalable Infrastructure & Deployment Pipeline,Establish robust infrastructure with automated deployments, monitoring, alerts, backups, disaster recovery, and continuous integration.,4-6 weeks